chr1	3410232	rs6670123	C	G
chr1	11797979	rs17037388	A	G
chr1	11805747	rs13306561	A	G
chr1	11821890	rs180868218	C	G
chr1	15324295	rs3765355	G	C
chr1	15342135	rs7528747	G	A
chr1	24705677	rs66530629	G	A
chr1	24713824	rs16829945	C	T
chr1	24743739	rs2153125	A	G
chr1	26864920	rs1883660	A	T
chr1	26921331	rs36109400	G	A
chr1	27556716	rs17162040	T	C
chr1	27602129	rs113716316	G	A
chr1	28581759	rs188767573	G	A
chr1	28602820	rs114565366	C	A
chr1	37990219	rs4360494	G	C
chr1	39213730	rs4660546	T	C
chr1	42006782	rs6600394	T	C
chr1	42007040	rs3856257	G	A
chr1	44347941	rs72891797	A	G
chr1	62690372	rs1168114	A	G
chr1	62690427	rs1168113	T	C
chr1	109636300	rs72705210	G	A
chr1	113896329	rs1217401	A	G
chr1	113905292	rs971173	G	T
chr1	115302773	rs149348421	C	A
chr1	116990388	rs199517723	G	A
chr1	118366406	rs2493810	T	C
chr1	146017351	rs7551245	A	G
chr1	146036954	rs16827081	C	T
chr1	146038860	rs16827051	A	T
chr1	150613840	rs115282751	A	G
chr1	151773603	rs1054479	A	T
chr1	151773726	rs6683364	T	A
chr1	154423470	rs6689306	A	G
chr1	154425456	rs10908836	C	T
chr1	154431904	rs7549338	C	G
chr1	154431930	rs7553796	A	C
chr1	154445353	rs4845373	C	T
chr1	169367379	rs4656671	G	A
chr1	169368808	rs7527703	A	G
chr1	170662279	rs627848	G	A
chr1	170665861	rs525489	T	G
chr1	170685286	rs9426909	C	T
chr1	170685628	rs10919450	A	G
chr1	170708582	rs113363168	T	C
chr1	173330604	rs61828284	C	T
chr1	183471396	rs41272536	A	G
chr1	201903081	rs2820314	A	C
chr1	201903136	rs2820315	C	T
chr2	27211952	rs183169704	G	A
chr2	27211953	rs187899006	G	A
chr2	27217854	rs41288813	C	T
chr2	30225478	rs906868	G	T
chr2	43226899	rs72875566	G	C
chr2	45596319	rs12994349	C	G
chr2	62760600	rs13398408	C	A
chr2	62817520	rs36009942	G	A
chr2	85537837	rs1446668	G	T
chr2	85561147	rs10172544	C	A
chr2	111899075	rs7604403	G	A
chr2	112032869	rs4848971	G	A
chr2	112032985	rs4848973	G	A
chr2	112056749	rs13024271	G	A
chr2	120590036	rs11688682	G	C
chr2	120757583	rs138730015	A	G
chr2	127664251	rs114827188	C	T
chr2	136239252	rs12477034	G	A
chr2	147844091	rs12053113	T	C
chr2	147910940	rs723681	C	T
chr2	147914451	rs3768687	C	T
chr2	158487179	rs76949861	C	T
chr2	158487302	rs76083436	A	G
chr2	158487446	rs78434609	G	A
chr2	158520002	rs11695939	C	T
chr2	158520100	rs11685439	G	A
chr2	160279033	rs3772071	C	T
chr2	160352026	rs6432614	C	T
chr2	164737614	rs189412304	A	T
chr2	178523930	rs13005601	G	A
chr2	187319708	rs840585	C	T
chr2	187369793	rs13430354	G	C
chr2	187429871	rs3771068	G	T
chr2	191038032	rs3821236	G	A
chr2	200303131	rs6435048	C	T
chr2	200306928	rs74853338	C	T
chr2	200307363	rs67190025	C	T
chr2	215435759	rs1250259	T	A
chr2	216477673	rs2280043	G	A
chr2	217869242	rs112941127	G	A
chr2	218270205	rs1877714	A	G
chr2	218292256	rs3731860	G	A
chr2	224946762	rs115749004	A	G
chr2	232856745	rs1947105	G	A
chr2	237744132	rs77497082	A	G
chr2	237744941	rs3769068	T	G
chr2	237745094	rs56125005	C	T
chr3	8482883	rs9811654	T	A
chr3	8482918	rs9863622	C	T
chr3	12155999	rs71304090	A	G
chr3	12225005	rs35355828	G	A
chr3	12295008	rs11709077	G	A
chr3	15602184	rs73817023	G	A
chr3	15631110	rs73817032	T	C
chr3	47010022	rs6808742	G	A
chr3	48152025	rs7617773	C	T
chr3	49539584	rs73074830	A	C
chr3	53806638	rs3774611	G	A
chr3	56880026	rs1500709	G	C
chr3	56981103	rs4075857	C	T
chr3	58332737	rs180977001	A	C
chr3	58332750	rs185407974	G	A
chr3	63911539	rs2292662	C	T
chr3	101017295	rs17399603	A	G
chr3	115381100	rs9879047	G	A
chr3	123036928	rs12107644	T	C
chr3	128075405	rs11709060	G	A
chr3	136250913	rs548288	T	C
chr3	138349284	rs1002766	G	A
chr3	141331963	rs6765857	A	G
chr3	142725291	rs1403725	G	A
chr3	152444061	rs7640801	G	A
chr3	154120764	rs1713828	C	T
chr3	154122171	rs12497267	T	C
chr3	160398964	rs62272231	C	T
chr3	160413559	rs33999879	A	G
chr3	179451442	rs7611674	T	G
chr3	185796633	rs150111048	A	G
chr3	185797143	rs7646518	T	C
chr3	185813873	rs1374910	C	T
chr3	196758203	rs1403101	G	A
chr4	986676	rs4690220	A	G
chr4	987108	rs11248061	C	A
chr4	1290727	rs55875205	T	C
chr4	22507705	rs28426972	C	T
chr4	22516318	rs112118174	A	G
chr4	26083858	rs34185821	A	G
chr4	26083889	rs10517086	G	A
chr4	56506528	rs73169308	C	T
chr4	56958285	rs56155140	G	A
chr4	56958766	rs7687767	A	G
chr4	57023000	rs28681160	C	T
chr4	83010534	rs72927138	A	G
chr4	102799902	rs223434	T	C
chr4	102868653	rs223333	C	A
chr4	110631977	rs2595104	T	G
chr4	111641815	rs17043548	C	T
chr4	128602334	rs72679551	A	G
chr4	147479667	rs6842241	C	A
chr4	165663791	rs2714808	C	T
chr5	6712741	rs34338480	T	C
chr5	6713027	rs34826769	G	A
chr5	9546883	rs1614229	A	T
chr5	9547853	rs1706987	C	T
chr5	33440789	rs73074360	T	C
chr5	38463090	rs7702937	A	G
chr5	38550308	rs58205206	C	A
chr5	42945432	rs75232254	C	T
chr5	42984569	rs7720810	T	C
chr5	43040621	rs13357845	A	G
chr5	56950783	rs2662040	A	G
chr5	67038724	rs13171572	T	A
chr5	67059478	rs13189948	A	G
chr5	75348173	rs187944696	A	C
chr5	78526152	rs62378909	A	C
chr5	78526651	rs10061226	T	C
chr5	78526867	rs6884208	A	G
chr5	78530523	rs17215893	G	A
chr5	113488071	rs1057827	T	C
chr5	132094425	rs657075	G	A
chr5	132387373	rs17689550	C	T
chr5	132490618	rs960757	G	A
chr5	132491183	rs2549007	T	C
chr5	132496074	rs2706385	T	G
chr5	134905755	rs319597	G	A
chr5	138014789	rs9327807	T	C
chr5	158385012	rs12188031	T	C
chr5	158390285	rs13178245	A	G
chr5	158391142	rs10042238	C	G
chr5	173880502	rs72810974	G	T
chr5	173918020	rs55946741	A	G
chr5	173926511	rs747472	T	C
chr5	177114369	rs351862	C	T
chr5	177117227	rs17078781	G	A
chr5	177495642	rs335428	G	A
chr5	177497495	rs234376	G	C
chr6	106181815	rs34599047	T	C
chr6	106181821	rs34582442	A	G
chr6	106339294	rs7763652	C	T
chr6	117675468	rs80196932	T	C
chr6	122184447	rs17084326	G	A
chr10	18651868	rs4748504	A	T
chr10	37976858	rs2738191	T	G
chr10	44180493	rs1680636	G	A
chr10	44241336	rs629213	C	T
chr10	60915155	rs60447404	T	C
chr10	62805174	rs10995311	C	G
chr10	63466791	rs201383812	T	A
chr10	69684556	rs34208345	C	T
chr10	73744754	rs12573448	T	G
chr10	73785305	rs11000777	G	C
chr10	73785359	rs79936644	C	T
chr10	73820468	rs188726810	A	T
chr10	73857586	rs2664280	A	T
chr10	73899106	rs2675680	T	C
chr10	74145440	rs17676126	A	G
chr10	87843667	rs10887759	G	A
chr10	87961655	rs926091	C	T
chr10	94292754	rs11187842	C	T
chr10	94292990	rs3781266	A	G
chr10	102834750	rs1004467	A	G
chr10	102917369	rs12221064	C	T
chr10	103146454	rs11191580	T	C
chr10	103888423	rs111847646	C	T
chr11	2097173	rs75671048	A	C
chr11	2097929	rs78158882	G	A
chr11	2166212	rs4072825	C	A
chr11	2390766	rs3815061	T	C
chr11	2399846	rs7933157	T	C
chr11	2420359	rs61741881	C	T
chr11	2420511	rs113538698	C	T
chr11	2420613	rs185608819	G	A
chr11	2421282	rs112492621	T	C
chr11	2825197	rs233451	G	A
chr11	13277203	rs2279284	C	T
chr11	13278348	rs61882122	A	G
chr11	13278705	rs7928655	C	G
chr11	17013328	rs6486339	C	A
chr11	17013946	rs200763602	C	A
chr11	17014544	rs75533032	G	C
chr11	17014610	rs35115039	A	G
chr11	17014633	rs34986803	A	C
chr11	35404514	rs1126356	C	T
chr11	36470521	rs79511177	G	C
chr11	47269208	rs1449626	A	C
chr11	58628154	rs61889537	G	A
chr11	61776489	rs174529	T	C
chr11	61815236	rs174561	T	C
chr11	61828092	rs968567	C	T
chr11	61829161	rs99780	C	T
chr11	65638129	rs2306363	G	T
chr11	66112992	rs484983	G	A
chr11	69075236	rs7110274	A	G
chr11	69075535	rs6591370	G	A
chr11	69639508	rs36225073	G	A
chr11	69641232	rs55911137	G	C
chr11	70270577	rs7104718	T	G
chr11	70271367	rs66803755	G	A
chr11	72722053	rs1552224	A	C
chr11	72793927	rs1059000	G	C
chr11	75564256	rs615896	T	C
chr11	89606579	rs10830289	A	G
chr11	89607171	rs12273562	C	T
chr11	95578096	rs12575636	T	G
chr11	95578258	rs4409785	T	C
chr11	103798563	rs200674041	T	A
chr11	111879706	rs7107213	A	G
chr11	111911973	rs14133	G	C
chr11	116742944	rs12280753	C	T
chr11	116791615	rs12287066	G	T
chr11	119057542	rs2509121	C	T
chr11	119067274	rs1784461	G	A
chr11	120325724	rs36011588	C	G
chr11	120336696	rs7126413	A	G
chr11	122656504	rs7129204	G	C
chr11	123054908	rs139918207	G	A
chr11	123055457	rs12418736	C	T
chr12	7068900	rs10849546	G	A
chr12	12334014	rs36058772	C	T
chr12	12725049	rs77216612	A	G
chr12	12725415	rs11055030	G	C
chr12	26195371	rs58747679	T	C
chr12	27703304	rs11049099	G	A
chr12	48351268	rs11168536	C	T
chr12	49825725	rs55677077	T	C
chr12	56080024	rs7297175	T	C
chr12	71045809	rs7138300	C	T
chr12	71046045	rs1913201	G	A
chr12	75850683	rs55842998	C	T
chr12	93591706	rs11107120	T	C
chr12	100828055	rs7972186	T	A
chr12	108731564	rs2302701	C	A
chr12	108732212	rs4964274	T	G
chr12	109879158	rs7957938	T	C
chr12	109879781	rs73417569	T	C
chr12	110025070	rs7310558	C	T
chr12	110043251	rs11064829	A	G
chr12	110049115	rs10849677	G	A
chr12	110917522	rs11065774	G	A
chr12	113932435	rs116684935	G	A
chr12	113932465	rs114375869	C	T
chr12	113933611	rs60558808	C	T
chr12	121199254	rs73220281	G	C
chr12	121230451	rs10849860	T	C
chr12	121444045	rs10849885	G	A
chr12	121794133	rs895950	T	C
chr12	122464360	rs116896792	T	C
chr12	123149496	rs949142	T	C
chr12	123984025	rs7978610	G	C
chr13	26202862	rs34584161	A	G
chr13	28402252	rs9513097	C	T
chr13	32134754	rs56151431	G	A
chr13	36919839	rs61947048	C	T
chr13	39780063	rs12872801	C	T
chr13	41311783	rs112389360	C	T
chr13	41312016	rs2501947	G	C
chr13	41312105	rs2501946	T	C
chr13	41312207	rs2483098	G	A
chr13	80141758	rs1215451	G	A
chr13	110705653	rs9521906	T	G
chr14	23988758	rs149890493	G	A
chr14	34715022	rs17525727	C	T
chr14	38343186	rs990495	G	T
chr14	50620545	rs11157759	A	G
chr14	50657809	rs11621971	T	C
chr14	50658522	rs1389652	T	C
chr14	61462813	rs17098411	G	A
chr14	61463217	rs17098413	T	C
chr14	61470445	rs3783788	C	T
chr14	61525256	rs1110192	T	A
chr14	64765065	rs75570566	A	G
chr14	70920931	rs2810071	A	G
chr14	71322229	rs12884929	C	T
chr14	71439098	rs12879243	C	G
chr14	71540027	rs17767686	C	T
chr14	71540737	rs3784066	A	T
chr14	72781953	rs72730336	A	G
chr14	74476091	rs10147963	G	C
chr14	74476210	rs17100451	A	G
chr14	75002247	rs175039	G	C
chr14	75002852	rs175040	A	G
chr14	75031281	rs735452	C	T
chr14	75069224	rs175499	G	A
chr14	75069666	rs175498	G	A
chr14	75124119	rs8017642	G	A
chr14	75124143	rs175449	A	T
chr14	90301415	rs3742668	G	A
chr14	90301512	rs3742667	T	C
chr14	93044200	rs113631557	C	T
chr14	99649190	rs10139462	C	T
chr14	99649271	rs4905878	C	T
chr14	103385827	rs11541718	C	G
chr14	103518279	rs7159665	C	T
chr15	40323671	rs12907887	G	C
chr15	40324541	rs3743140	G	A
chr15	44137670	rs148076268	A	T
chr15	55196867	rs9300	G	A
chr15	63510098	rs74927570	T	G
chr15	63553226	rs62011344	A	G
chr15	63834289	rs61385516	G	A
chr15	67150740	rs17227883	C	T
chr15	73983335	rs2507	A	G
chr15	74790211	rs3784789	C	G
chr15	75640436	rs11072553	C	T
chr15	80060224	rs28759351	T	C
chr15	80694671	rs11632439	A	G
chr15	89761171	rs12902793	G	A
chr15	90352033	rs6496669	G	A
chr15	90884382	rs12906125	G	A
chr15	90885725	rs1894400	C	T
chr15	90885812	rs1894401	G	A
chr15	90885946	rs7497304	G	T
chr15	100106551	rs34452981	C	T
chr15	101446425	rs6598475	G	T
chr15	101446770	rs7173877	G	A
chr16	720886	rs76064792	G	A
chr16	1534617	rs2076438	T	C
chr16	1870548	rs139854200	A	G
chr16	1960137	rs397435	G	A
chr16	2215270	rs77316573	C	T
chr16	19832195	rs72769575	T	C
chr16	28863801	rs7198606	T	G
chr16	28864161	rs7193733	A	G
chr16	28880144	rs8055138	C	T
chr16	29228697	rs252244	A	G
chr16	31106068	rs56314408	T	C
chr16	31118621	rs1978487	C	T
chr16	48577022	rs3848319	T	C
chr16	48610523	rs11640463	A	T
chr16	48617839	rs1486412	A	T
chr16	48630209	rs74017013	G	A
chr16	48630476	rs4277341	T	G
chr16	53465687	rs1072910	A	G
chr16	53465813	rs1072911	T	C
chr16	53503669	rs8055642	A	G
chr16	56951602	rs72786786	G	A
chr16	57519973	rs72791620	G	A
chr16	57520015	rs72791622	G	C
chr16	57529759	rs8052123	T	C
chr16	69531088	rs368320648	A	G
chr16	71962047	rs12149869	T	C
chr16	71962168	rs12149877	T	C
chr16	72093179	rs3764314	T	C
chr16	72094400	rs7194397	C	T
chr16	72099312	rs2072141	G	A
chr16	75224719	rs2287990	C	T
chr16	75266140	rs73605139	C	T
chr16	75288675	rs4888376	T	C
chr16	75289661	rs34673655	T	C
chr16	75358908	rs1895490	G	A
chr16	75371981	rs35552529	G	C
chr16	75377721	rs4993970	G	A
chr16	75402333	rs4888409	A	T
chr16	75432949	rs35787595	G	C
chr16	86664425	rs12446277	C	T
chr16	86664883	rs60753168	A	C
chr16	86664884	rs62042066	G	A
chr17	2123124	rs201049464	A	G
chr17	2157807	rs7219693	C	A
chr17	2173058	rs9898819	G	A
chr17	2181271	rs9892754	G	T
chr17	2192660	rs1563966	G	A
chr17	2193147	rs2169357	C	T
chr17	2232771	rs7217226	T	G
chr17	2282806	rs749240	C	T
chr17	2292640	rs77491864	A	G
chr17	2292794	rs216206	C	T
chr17	4220604	rs7224706	G	C
chr17	7035764	rs76432155	C	T
chr17	7043602	rs2292351	C	G
chr17	7052126	rs17203148	G	A
chr17	7058953	rs193399	G	A
chr17	7059311	rs178339	G	C
chr17	7550188	rs62059804	C	A
chr17	9880730	rs62066057	A	G
chr17	39402116	rs9901219	T	G
chr17	42554255	rs676387	C	A
chr17	42761348	rs9892728	C	T
chr17	46935905	rs17608766	T	C
chr17	48892721	rs201482466	G	A
chr17	48909254	rs28528789	C	T
chr17	48916008	rs4378658	G	A
chr17	49032636	rs9916472	C	T
chr17	49361940	rs112502960	G	A
chr17	50547162	rs9890200	A	C
chr17	58680223	rs302864	G	A
chr17	59668511	rs113465603	C	T
chr17	59825851	rs187154277	G	A
chr17	61400993	rs34446110	G	C
chr17	61409371	rs1058004	C	T
chr17	61412874	rs11871637	C	T
chr17	62858882	rs28438484	A	T
chr17	63478937	rs4295	C	G
chr17	78697615	rs59428334	A	G
chr17	78781612	rs11650046	C	A
chr17	81684571	rs111399065	A	G
chr17	81684725	rs77284672	A	G
chr17	81702703	rs112025739	A	C
chr17	81712575	rs112084731	C	T
chr17	81712724	rs112032635	C	T
chr18	7750537	rs679873	A	G
chr18	44733745	rs17782904	G	A
chr18	49562285	rs34474737	T	G
chr18	49562456	rs35978968	C	T
chr18	51197069	rs4396619	C	T
chr18	51211928	rs59236902	C	A
chr18	51211971	rs55946996	A	T
chr19	1813208	rs7259484	A	G
chr19	1826165	rs2304616	G	T
chr19	1857491	rs10413786	C	T
chr19	8364439	rs116843064	G	A
chr19	11090448	rs57217136	T	C
chr19	11091630	rs6511720	G	T
chr19	11189679	rs12979104	A	G
chr19	11189906	rs12976821	G	A
chr19	11195210	rs12976810	C	G
chr19	17108295	rs7246865	G	A
chr19	19367068	rs56255430	A	C
chr19	19591575	rs17217098	G	A
chr19	32373773	rs71351160	C	T
chr19	41308507	rs1865053	T	C
chr19	41309808	rs12984160	A	G
chr19	44911142	rs72654473	C	A
chr19	44911194	rs439401	T	C
chr19	45645645	rs35816837	C	A
chr19	45669020	rs11671664	G	A
chr19	45676926	rs11672660	C	T
chr19	45677156	rs34783010	G	T
chr19	45678134	rs1800437	G	C
chr19	46705224	rs425105	T	C
chr19	53159231	rs12975164	T	C
chr19	53868003	rs10411316	A	G
chr19	57849756	rs113336552	A	G
chr19	57849853	rs112151138	G	T
chr20	6576829	rs76394748	T	C
chr20	23622562	rs6048949	C	T
chr20	23622615	rs6048950	A	G
chr20	23623386	rs12625182	G	T
chr20	23628825	rs34374560	C	T
chr20	23629625	rs13038305	C	T
chr20	23638019	rs5030707	C	G
chr20	23642243	rs2405367	G	A
chr20	23642624	rs2897119	C	T
chr20	23668821	rs73104304	T	C
chr20	34768708	rs2295353	C	T
chr20	35017999	rs6579210	C	T
chr20	35111632	rs6060244	G	A
chr20	35111822	rs6060245	A	G
chr20	35135060	rs2295888	A	G
chr20	35166602	rs8119351	G	A
chr20	35208389	rs17092456	G	C
chr20	44166512	rs6031431	A	G
chr20	48791877	rs2208589	A	G
chr20	48847194	rs17445063	G	T
chr20	48853760	rs17366684	T	C
chr20	48854325	rs73609697	G	A
chr20	51492442	rs6021247	G	A
chr20	62407650	rs145139673	G	A
chr20	64080106	rs8126001	C	T
chr21	29164391	rs2832230	G	T
chr21	29196085	rs2056864	G	T
chr21	33380406	rs28735854	A	G
chr21	34545087	rs2834519	C	T
chr21	34553928	rs2834532	T	C
chr22	21568075	rs140491	T	C
chr22	21568167	rs11089620	C	G
chr22	21568615	rs2266959	G	T
chr22	21568855	rs140492	A	C
chr22	21630090	rs3747093	G	A
chr22	21642781	rs13054355	G	A
chr22	24146513	rs5760220	C	T
chr22	24390702	rs143311135	A	G
chr22	29772480	rs73883310	T	C
chr22	29773727	rs57779751	C	T
chr22	29908345	rs5752979	G	A
chr22	29994561	rs55645000	A	G
chr22	30005619	rs73883354	T	C
chr22	30195835	rs5763878	C	T
chr22	37752255	rs7291159	C	A
chr22	40535348	rs73169012	C	T
chr22	43829966	rs138063	T	A
chr22	43945786	rs13055900	A	G
chr22	49960624	rs111752560	A	C
chr22	49962654	rs28691713	C	T
